{"cameraMode":{"drawMode":0,"name":"Shaded","section":"Shading Mode"},"sceneLighting":true,"audioPlay":false,"sceneViewState":{"m_AlwaysRefresh":false,"showFog":true,"showSkybox":true,"showFlares":true,"showImageEffects":true,"showParticleSystems":true,"showVisualEffectGraphs":true,"m_FxEnabled":true},"in2DMode":false,"pivot":{"x":-0.5250048637390137,"y":2.0399529933929445,"z":-0.5609884262084961},"rotation":{"x":-0.04954488202929497,"y":0.9165146350860596,"z":-0.12001793831586838,"w":-0.3783448040485382},"size":12.053927421569825,"orthographic":false}